data_source,seed_semantics,scheduler,seed,interception_ratio,band1_verdict
h5:config_169.h5,scheduler-randomness-only (one fixed recording; seeds do NOT vary the environment),BeliefUCB,0,0.937,
h5:config_169.h5,scheduler-randomness-only (one fixed recording; seeds do NOT vary the environment),BeliefUCB,1,0.937,
h5:config_169.h5,scheduler-randomness-only (one fixed recording; seeds do NOT vary the environment),BeliefUCB,2,0.937,
h5:config_169.h5,scheduler-randomness-only (one fixed recording; seeds do NOT vary the environment),BeliefUCB,3,0.937,
h5:config_169.h5,scheduler-randomness-only (one fixed recording; seeds do NOT vary the environment),BeliefUCB,4,0.937,
h5:config_169.h5,scheduler-randomness-only (one fixed recording; seeds do NOT vary the environment),BeliefUCB,5,0.937,
h5:config_169.h5,scheduler-randomness-only (one fixed recording; seeds do NOT vary the environment),BeliefUCB,6,0.937,
h5:config_169.h5,scheduler-randomness-only (one fixed recording; seeds do NOT vary the environment),BeliefUCB,7,0.937,
h5:config_169.h5,scheduler-randomness-only (one fixed recording; seeds do NOT vary the environment),BeliefUCB,8,0.937,
h5:config_169.h5,scheduler-randomness-only (one fixed recording; seeds do NOT vary the environment),BeliefUCB,9,0.937,
h5:config_169.h5,scheduler-randomness-only (one fixed recording; seeds do NOT vary the environment),BeliefUCB,10,0.937,
h5:config_169.h5,scheduler-randomness-only (one fixed recording; seeds do NOT vary the environment),BeliefUCB,11,0.937,
h5:config_169.h5,scheduler-randomness-only (one fixed recording; seeds do NOT vary the environment),BeliefUCB,12,0.937,
h5:config_169.h5,scheduler-randomness-only (one fixed recording; seeds do NOT vary the environment),BeliefUCB,13,0.937,
h5:config_169.h5,scheduler-randomness-only (one fixed recording; seeds do NOT vary the environment),BeliefUCB,14,0.937,
h5:config_169.h5,scheduler-randomness-only (one fixed recording; seeds do NOT vary the environment),BeliefUCB,15,0.937,
h5:config_169.h5,scheduler-randomness-only (one fixed recording; seeds do NOT vary the environment),BeliefUCB,16,0.937,
h5:config_169.h5,scheduler-randomness-only (one fixed recording; seeds do NOT vary the environment),BeliefUCB,17,0.937,
h5:config_169.h5,scheduler-randomness-only (one fixed recording; seeds do NOT vary the environment),BeliefUCB,18,0.937,
h5:config_169.h5,scheduler-randomness-only (one fixed recording; seeds do NOT vary the environment),BeliefUCB,19,0.937,
h5:config_169.h5,scheduler-randomness-only (one fixed recording; seeds do NOT vary the environment),PlateauOnly (pre-harmonic-fix),0,0.937,NO LOCK
h5:config_169.h5,scheduler-randomness-only (one fixed recording; seeds do NOT vary the environment),PlateauOnly (pre-harmonic-fix),1,0.937,NO LOCK
h5:config_169.h5,scheduler-randomness-only (one fixed recording; seeds do NOT vary the environment),PlateauOnly (pre-harmonic-fix),2,0.937,NO LOCK
h5:config_169.h5,scheduler-randomness-only (one fixed recording; seeds do NOT vary the environment),PlateauOnly (pre-harmonic-fix),3,0.937,NO LOCK
h5:config_169.h5,scheduler-randomness-only (one fixed recording; seeds do NOT vary the environment),PlateauOnly (pre-harmonic-fix),4,0.937,NO LOCK
h5:config_169.h5,scheduler-randomness-only (one fixed recording; seeds do NOT vary the environment),PlateauOnly (pre-harmonic-fix),5,0.937,NO LOCK
h5:config_169.h5,scheduler-randomness-only (one fixed recording; seeds do NOT vary the environment),PlateauOnly (pre-harmonic-fix),6,0.937,NO LOCK
h5:config_169.h5,scheduler-randomness-only (one fixed recording; seeds do NOT vary the environment),PlateauOnly (pre-harmonic-fix),7,0.937,NO LOCK
h5:config_169.h5,scheduler-randomness-only (one fixed recording; seeds do NOT vary the environment),PlateauOnly (pre-harmonic-fix),8,0.937,NO LOCK
h5:config_169.h5,scheduler-randomness-only (one fixed recording; seeds do NOT vary the environment),PlateauOnly (pre-harmonic-fix),9,0.937,NO LOCK
h5:config_169.h5,scheduler-randomness-only (one fixed recording; seeds do NOT vary the environment),PlateauOnly (pre-harmonic-fix),10,0.937,NO LOCK
h5:config_169.h5,scheduler-randomness-only (one fixed recording; seeds do NOT vary the environment),PlateauOnly (pre-harmonic-fix),11,0.937,NO LOCK
h5:config_169.h5,scheduler-randomness-only (one fixed recording; seeds do NOT vary the environment),PlateauOnly (pre-harmonic-fix),12,0.937,NO LOCK
h5:config_169.h5,scheduler-randomness-only (one fixed recording; seeds do NOT vary the environment),PlateauOnly (pre-harmonic-fix),13,0.937,NO LOCK
h5:config_169.h5,scheduler-randomness-only (one fixed recording; seeds do NOT vary the environment),PlateauOnly (pre-harmonic-fix),14,0.937,NO LOCK
h5:config_169.h5,scheduler-randomness-only (one fixed recording; seeds do NOT vary the environment),PlateauOnly (pre-harmonic-fix),15,0.937,NO LOCK
h5:config_169.h5,scheduler-randomness-only (one fixed recording; seeds do NOT vary the environment),PlateauOnly (pre-harmonic-fix),16,0.937,NO LOCK
h5:config_169.h5,scheduler-randomness-only (one fixed recording; seeds do NOT vary the environment),PlateauOnly (pre-harmonic-fix),17,0.937,NO LOCK
h5:config_169.h5,scheduler-randomness-only (one fixed recording; seeds do NOT vary the environment),PlateauOnly (pre-harmonic-fix),18,0.937,NO LOCK
h5:config_169.h5,scheduler-randomness-only (one fixed recording; seeds do NOT vary the environment),PlateauOnly (pre-harmonic-fix),19,0.937,NO LOCK
h5:config_169.h5,scheduler-randomness-only (one fixed recording; seeds do NOT vary the environment),"PRIAware (current, both fixes)",0,0.443,CORRECT
h5:config_169.h5,scheduler-randomness-only (one fixed recording; seeds do NOT vary the environment),"PRIAware (current, both fixes)",1,0.443,CORRECT
h5:config_169.h5,scheduler-randomness-only (one fixed recording; seeds do NOT vary the environment),"PRIAware (current, both fixes)",2,0.443,CORRECT
h5:config_169.h5,scheduler-randomness-only (one fixed recording; seeds do NOT vary the environment),"PRIAware (current, both fixes)",3,0.443,CORRECT
h5:config_169.h5,scheduler-randomness-only (one fixed recording; seeds do NOT vary the environment),"PRIAware (current, both fixes)",4,0.443,CORRECT
h5:config_169.h5,scheduler-randomness-only (one fixed recording; seeds do NOT vary the environment),"PRIAware (current, both fixes)",5,0.443,CORRECT
h5:config_169.h5,scheduler-randomness-only (one fixed recording; seeds do NOT vary the environment),"PRIAware (current, both fixes)",6,0.443,CORRECT
h5:config_169.h5,scheduler-randomness-only (one fixed recording; seeds do NOT vary the environment),"PRIAware (current, both fixes)",7,0.443,CORRECT
h5:config_169.h5,scheduler-randomness-only (one fixed recording; seeds do NOT vary the environment),"PRIAware (current, both fixes)",8,0.443,CORRECT
h5:config_169.h5,scheduler-randomness-only (one fixed recording; seeds do NOT vary the environment),"PRIAware (current, both fixes)",9,0.443,CORRECT
h5:config_169.h5,scheduler-randomness-only (one fixed recording; seeds do NOT vary the environment),"PRIAware (current, both fixes)",10,0.443,CORRECT
h5:config_169.h5,scheduler-randomness-only (one fixed recording; seeds do NOT vary the environment),"PRIAware (current, both fixes)",11,0.443,CORRECT
h5:config_169.h5,scheduler-randomness-only (one fixed recording; seeds do NOT vary the environment),"PRIAware (current, both fixes)",12,0.443,CORRECT
h5:config_169.h5,scheduler-randomness-only (one fixed recording; seeds do NOT vary the environment),"PRIAware (current, both fixes)",13,0.443,CORRECT
h5:config_169.h5,scheduler-randomness-only (one fixed recording; seeds do NOT vary the environment),"PRIAware (current, both fixes)",14,0.443,CORRECT
h5:config_169.h5,scheduler-randomness-only (one fixed recording; seeds do NOT vary the environment),"PRIAware (current, both fixes)",15,0.443,CORRECT
h5:config_169.h5,scheduler-randomness-only (one fixed recording; seeds do NOT vary the environment),"PRIAware (current, both fixes)",16,0.443,CORRECT
h5:config_169.h5,scheduler-randomness-only (one fixed recording; seeds do NOT vary the environment),"PRIAware (current, both fixes)",17,0.443,CORRECT
h5:config_169.h5,scheduler-randomness-only (one fixed recording; seeds do NOT vary the environment),"PRIAware (current, both fixes)",18,0.443,CORRECT
h5:config_169.h5,scheduler-randomness-only (one fixed recording; seeds do NOT vary the environment),"PRIAware (current, both fixes)",19,0.443,CORRECT
h5:config_169.h5,scheduler-randomness-only (one fixed recording; seeds do NOT vary the environment),PersistentPRIAware (v4),0,0.382,CORRECT
h5:config_169.h5,scheduler-randomness-only (one fixed recording; seeds do NOT vary the environment),PersistentPRIAware (v4),1,0.382,CORRECT
h5:config_169.h5,scheduler-randomness-only (one fixed recording; seeds do NOT vary the environment),PersistentPRIAware (v4),2,0.382,CORRECT
h5:config_169.h5,scheduler-randomness-only (one fixed recording; seeds do NOT vary the environment),PersistentPRIAware (v4),3,0.382,CORRECT
h5:config_169.h5,scheduler-randomness-only (one fixed recording; seeds do NOT vary the environment),PersistentPRIAware (v4),4,0.382,CORRECT
h5:config_169.h5,scheduler-randomness-only (one fixed recording; seeds do NOT vary the environment),PersistentPRIAware (v4),5,0.382,CORRECT
h5:config_169.h5,scheduler-randomness-only (one fixed recording; seeds do NOT vary the environment),PersistentPRIAware (v4),6,0.382,CORRECT
h5:config_169.h5,scheduler-randomness-only (one fixed recording; seeds do NOT vary the environment),PersistentPRIAware (v4),7,0.382,CORRECT
h5:config_169.h5,scheduler-randomness-only (one fixed recording; seeds do NOT vary the environment),PersistentPRIAware (v4),8,0.382,CORRECT
h5:config_169.h5,scheduler-randomness-only (one fixed recording; seeds do NOT vary the environment),PersistentPRIAware (v4),9,0.382,CORRECT
h5:config_169.h5,scheduler-randomness-only (one fixed recording; seeds do NOT vary the environment),PersistentPRIAware (v4),10,0.382,CORRECT
h5:config_169.h5,scheduler-randomness-only (one fixed recording; seeds do NOT vary the environment),PersistentPRIAware (v4),11,0.382,CORRECT
h5:config_169.h5,scheduler-randomness-only (one fixed recording; seeds do NOT vary the environment),PersistentPRIAware (v4),12,0.382,CORRECT
h5:config_169.h5,scheduler-randomness-only (one fixed recording; seeds do NOT vary the environment),PersistentPRIAware (v4),13,0.382,CORRECT
h5:config_169.h5,scheduler-randomness-only (one fixed recording; seeds do NOT vary the environment),PersistentPRIAware (v4),14,0.382,CORRECT
h5:config_169.h5,scheduler-randomness-only (one fixed recording; seeds do NOT vary the environment),PersistentPRIAware (v4),15,0.382,CORRECT
h5:config_169.h5,scheduler-randomness-only (one fixed recording; seeds do NOT vary the environment),PersistentPRIAware (v4),16,0.382,CORRECT
h5:config_169.h5,scheduler-randomness-only (one fixed recording; seeds do NOT vary the environment),PersistentPRIAware (v4),17,0.382,CORRECT
h5:config_169.h5,scheduler-randomness-only (one fixed recording; seeds do NOT vary the environment),PersistentPRIAware (v4),18,0.382,CORRECT
h5:config_169.h5,scheduler-randomness-only (one fixed recording; seeds do NOT vary the environment),PersistentPRIAware (v4),19,0.382,CORRECT
